Page,Clicks,Impressions,CTR,Position,,,,,Page,Clicks
https://docs.python.org/3/library/datetime.html,4676,13562,34.48%,1.76,,library/datetime.html,4676,,library/,1294
https://docs.python.org/3/library/random.html,4395,16922,25.97%,3.81,,library/random.html,4395,,,
https://docs.python.org/3/tutorial/errors.html,3203,9988,32.07%,1.76,,#VALUE!,3203,,library/__future__.html,24
https://docs.python.org/3/library/re.html,2803,7249,38.67%,2.22,,library/re.html,2803,,,
https://docs.python.org/3/tutorial/datastructures.html,2223,13646,16.29%,3.46,,#VALUE!,2223,,library/__main__.html,68
https://docs.python.org/3/library/csv.html,2110,4164,50.67%,1.34,,library/csv.html,2110,,,
https://docs.python.org/3/library/json.html,2090,5039,41.48%,1.84,,library/json.html,2090,,library/_thread.html,9
https://docs.python.org/pt-br/3/library/venv.html,2056,5321,38.64%,2.07,,library/venv.html,2056,,,
https://docs.python.org/3/library/tkinter.html,1962,5303,37.00%,1.47,,library/tkinter.html,1962,,library/2to3.html,46
https://docs.python.org/,1873,10515,17.81%,1.18,,#VALUE!,1873,,,
https://docs.python.org/pt-br/3/library/datetime.html,1792,7928,22.60%,1.95,,library/datetime.html,1792,,library/abc.html,355
https://docs.python.org/3/library/venv.html,1689,3500,48.26%,1.53,,library/venv.html,1689,,,
https://docs.python.org/3/library/time.html,1591,2940,54.12%,1.86,,library/time.html,1591,,,
https://docs.python.org/3/library/math.html,1435,2766,51.88%,1.61,,library/math.html,1435,,library/argparse.html,720
https://docs.python.org/pt-br/3/tutorial/inputoutput.html,1345,6738,19.96%,2.74,,#VALUE!,1345,,,
https://docs.python.org/3/library/os.html,1338,2846,47.01%,1.41,,library/os.html,1338,,library/array.html,449
https://docs.python.org/pt-br/3/tutorial/index.html,1110,3567,31.12%,3.41,,#VALUE!,1110,,,
https://docs.python.org/3/library/collections.html,1096,2669,41.06%,1.88,,library/collections.html,1096,,library/ast.html,76
https://docs.python.org/pt-br/3.7/library/random.html,1023,3917,26.12%,2.48,,library/random.html,1023,,library/ast.html,5
https://docs.python.org/3/tutorial/classes.html,1015,4056,25.02%,2.12,,#VALUE!,1015,,library/ast.html,2
https://docs.python.org/3/library/logging.html,970,2012,48.21%,2,,library/logging.html,970,,library/ast.html,2
https://docs.python.org/3/library/subprocess.html,943,1571,60.03%,1.11,,library/subprocess.html,943,,library/asyncio-dev.html,16
https://docs.python.org/pt-br/3/library/,933,2254,41.39%,1.42,,library/,933,,library/asyncio-dev.html,2
https://docs.python.org/3/library/functions.html,917,4482,20.46%,5.11,,library/functions.html,917,,library/asyncio-eventloop.html,29
https://docs.python.org/pt-br/3/tutorial/errors.html,878,4228,20.77%,2.71,,#VALUE!,878,,library/asyncio-exceptions.html,1
https://docs.python.org/pt-br/3/howto/sorting.html,875,3173,27.58%,1.81,,#VALUE!,875,,library/asyncio-exceptions.html,1
https://docs.python.org/3/library/os.path.html,852,1517,56.16%,1.36,,library/os.path.html,852,,library/asyncio-future.html,10
https://docs.python.org/pt-br/3/library/math.html,760,1454,52.27%,1.76,,library/math.html,760,,library/asyncio-protocol.html,1
https://docs.python.org/3/library/unittest.html,755,1444,52.29%,1.25,,library/unittest.html,755,,library/asyncio-queue.html,56
https://docs.python.org/3/library/multiprocessing.html,748,1326,56.41%,1.16,,library/multiprocessing.html,748,,library/asyncio-queue.html,13
https://docs.python.org/3/library/typing.html,719,1286,55.91%,1.58,,library/typing.html,719,,library/asyncio-stream.html,10
https://docs.python.org/3/library/argparse.html,716,1291,55.46%,1.59,,library/argparse.html,716,,library/asyncio-subprocess.html,13
https://docs.python.org/3/library/itertools.html,714,1166,61.23%,1.2,,library/itertools.html,714,,library/asyncio-subprocess.html,10
https://docs.python.org/pt-br/3.8/howto/regex.html,658,2836,23.20%,2.05,,#VALUE!,658,,library/asyncio-subprocess.html,6
https://docs.python.org/3/library/enum.html,658,1088,60.48%,1.02,,library/enum.html,658,,library/asyncio-sync.html,32
https://docs.python.org/pt-br/3/tutorial/classes.html,622,2484,25.04%,2.29,,#VALUE!,622,,library/asyncio-sync.html,1
https://docs.python.org/pt-br/3/library/json.html,606,2838,21.35%,2.25,,library/json.html,606,,library/asyncio-task.html,303
https://docs.python.org/pt-br/3/library/tk.html,604,3806,15.87%,2.29,,library/tk.html,604,,library/asyncio-task.html,15
https://docs.python.org/3/tutorial/inputoutput.html,595,2955,20.14%,3.84,,#VALUE!,595,,library/asyncio-task.html,3
https://docs.python.org/3/library/threading.html,595,1912,31.12%,2.74,,library/threading.html,595,,library/asyncio-task.html,1
https://docs.python.org/3/tutorial/modules.html,595,1672,35.59%,2.1,,#VALUE!,595,,library/asyncio.html,437
https://docs.python.org/3/tutorial/venv.html,585,1772,33.01%,1.75,,#VALUE!,585,,library/asyncio.html,70
https://docs.python.org/3/library/pickle.html,584,1833,31.86%,1.54,,library/pickle.html,584,,library/asyncio.html,2
https://docs.python.org/pt-br/3/tutorial/datastructures.html,583,3622,16.10%,5.06,,#VALUE!,583,,library/asyncio.html,1
https://docs.python.org/3/library/idle.html,574,5518,10.40%,2.81,,library/idle.html,574,,library/asyncio.html,1
https://docs.python.org/pt-br/3/tutorial/introduction.html,567,2180,26.01%,1.63,,#VALUE!,567,,library/asyncore.html,3
https://docs.python.org/3/library/stdtypes.html,556,3440,16.16%,5.66,,library/stdtypes.html,556,,library/atexit.html,12
https://docs.python.org/pt-br/,543,1245,43.61%,1.56,,#VALUE!,543,,library/atexit.html,2
https://docs.python.org/3/library/sqlite3.html,529,2788,18.97%,3.64,,library/sqlite3.html,529,,library/audioop.html,3
https://docs.python.org/3/library/socket.html,529,1054,50.19%,1.52,,library/socket.html,529,,library/base64.html,271
https://docs.python.org/3/library/dataclasses.html,507,761,66.62%,1.02,,library/dataclasses.html,507,,library/base64.html,74
https://docs.python.org/3/library/unittest.mock.html,471,748,62.97%,1.36,,library/unittest.mock.html,471,,library/binascii.html,36
https://docs.python.org/pt-br/3/howto/logging.html,464,1702,27.26%,2.2,,#VALUE!,464,,library/bisect.html,55
https://docs.python.org/3/library/glob.html,455,1284,35.44%,2.02,,library/glob.html,455,,library/bisect.html,7
https://docs.python.org/3/library/asyncio.html,437,990,44.14%,1.46,,library/asyncio.html,437,,library/bisect.html,1
https://docs.python.org/3/library/pathlib.html,430,771,55.77%,1.26,,library/pathlib.html,430,,library/bisect.html,1
https://docs.python.org/3/library/sys.html,427,857,49.82%,1.53,,library/sys.html,427,,library/builtins.html,14
https://docs.python.org/3/library/exceptions.html,425,1233,34.47%,1.84,,library/exceptions.html,425,,library/builtins.html,4
https://docs.python.org/3/library/shutil.html,419,834,50.24%,1.42,,library/shutil.html,419,,library/bz2.html,5
https://docs.python.org/pt-br/3/library/statistics.html,406,879,46.19%,2,,library/statistics.html,406,,library/calendar.html,109
https://docs.python.org/3/library/pprint.html,406,638,63.64%,1.06,,library/pprint.html,406,,library/cgi.html,10
https://docs.python.org/pt-br/3/library/os.html,396,1704,23.24%,1.91,,library/os.html,396,,library/cgitb.html,1
https://docs.python.org/pt-br/3/library/re.html,396,1244,31.83%,1.81,,library/re.html,396,,library/cmath.html,63
https://docs.python.org/3/reference/import.html,383,905,42.32%,1.41,,#VALUE!,383,,library/cmath.html,7
https://docs.python.org/3/library/uuid.html,382,1728,22.11%,5.55,,library/uuid.html,382,,library/cmd.html,25
https://docs.python.org/3/library/xml.etree.elementtree.html,380,780,48.72%,1.36,,library/xml.etree.elementtree.html,380,,library/codecs.html,72
https://docs.python.org/3/tutorial/,376,6035,6.23%,1.06,,#VALUE!,376,,library/collections.abc.html,9
https://docs.python.org/3/howto/sorting.html,373,1982,18.82%,2.4,,#VALUE!,373,,library/collections.html,1096
https://docs.python.org/3/library/http.server.html,372,886,41.99%,1.92,,library/http.server.html,372,,library/collections.html,1
https://docs.python.org/3/library/hashlib.html,369,704,52.41%,1.51,,library/hashlib.html,369,,library/collections.html,1
https://docs.python.org/3/library/urllib.html,366,608,60.20%,1.04,,library/urllib.html,366,,library/colorsys.html,11
https://docs.python.org/3/library/queue.html,362,664,54.52%,1.11,,library/queue.html,362,,library/colorsys.html,5
https://docs.python.org/3/library/,361,1192,30.29%,1.54,,library/,361,,library/colorsys.html,1
https://docs.python.org/3/tutorial/controlflow.html,355,3355,10.58%,6.1,,#VALUE!,355,,library/compileall.html,2
https://docs.python.org/pt-br/3/tutorial/venv.html,355,1063,33.40%,2.28,,#VALUE!,355,,library/compileall.html,1
https://docs.python.org/3/installing/index.html,344,2953,11.65%,5.32,,#VALUE!,344,,library/concurrency.html,3
https://docs.python.org/pt-br/3/library/array.html,339,2951,11.49%,3.96,,library/array.html,339,,library/concurrent.futures.html,209
https://docs.python.org/pt-br/3/library/functions.html,335,2685,12.48%,4.75,,library/functions.html,335,,library/configparser.html,264
https://docs.python.org/3/library/pdb.html,324,900,36.00%,2.89,,library/pdb.html,324,,library/constants.html,13
https://docs.python.org/pt-br/3/tutorial/modules.html,321,1044,30.75%,2.29,,#VALUE!,321,,library/contextlib.html,58
https://docs.python.org/3/library/struct.html,311,524,59.35%,1.07,,library/struct.html,311,,library/contextvars.html,7
https://docs.python.org/3/library/tk.html,310,543,57.09%,1.11,,library/tk.html,310,,library/copy.html,226
https://docs.python.org/pt-br/3/library/csv.html,309,1570,19.68%,2.16,,library/csv.html,309,,library/copy.html,121
https://docs.python.org/3/library/asyncio-task.html,303,654,46.33%,1.36,,library/asyncio-task.html,303,,library/crypt.html,7
https://docs.python.org/3/library/string.html,297,1523,19.50%,5.5,,library/string.html,297,,library/crypto.html,4
https://docs.python.org/3/library/io.html,297,614,48.37%,1.26,,library/io.html,297,,library/csv.html,2110
https://docs.python.org/3/library/decimal.html,297,499,60%,1.58,,library/decimal.html,297,,library/csv.html,309
https://docs.python.org/3/library/turtle.html,294,731,40.22%,1.87,,library/turtle.html,294,,library/csv.html,73
https://docs.python.org/3/library/abc.html,290,726,39.94%,1.63,,library/abc.html,290,,library/ctypes.html,138
https://docs.python.org/3/library/timeit.html,277,511,54.21%,1.38,,library/timeit.html,277,,library/curses.html,1
https://docs.python.org/3/library/base64.html,271,2937,9.23%,6.18,,library/base64.html,271,,library/dataclasses.html,507
https://docs.python.org/3/library/zipfile.html,266,526,50.57%,1.28,,library/zipfile.html,266,,library/dataclasses.html,1
https://docs.python.org/3/howto/logging.html,265,801,33.08%,2.01,,#VALUE!,265,,library/datatypes.html,37
https://docs.python.org/3/library/configparser.html,264,407,64.86%,1.01,,library/configparser.html,264,,library/datatypes.html,13
https://docs.python.org/3/library/smtplib.html,255,415,61.45%,1.16,,library/smtplib.html,255,,library/datetime.html,4676
https://docs.python.org/3/library/statistics.html,254,517,49.13%,1.94,,library/statistics.html,254,,library/datetime.html,1792
https://docs.python.org/3/library/functools.html,242,395,61.27%,1.53,,library/functools.html,242,,library/datetime.html,26
https://docs.python.org/3/howto/argparse.html,236,816,28.92%,1.8,,#VALUE!,236,,library/datetime.html,22
https://docs.python.org/3/library/copy.html,226,580,38.97%,1.57,,library/copy.html,226,,library/datetime.html,14
https://docs.python.org/3/howto/unicode.html,224,523,42.83%,2.4,,#VALUE!,224,,library/datetime.html,1
https://docs.python.org/3/library/urllib.request.html,215,349,62%,1.31,,library/urllib.request.html,215,,library/dbm.html,5
https://docs.python.org/3.10/whatsnew/3.10.html,213,395,54%,1.09,,#VALUE!,213,,library/debug.html,17
https://docs.python.org/pt-br/3.7/library/os.path.html,211,808,26.11%,2.11,,library/os.path.html,211,,library/decimal.html,297
https://docs.python.org/3/library/concurrent.futures.html,209,369,56.64%,1.39,,library/concurrent.futures.html,209,,library/decimal.html,46
https://docs.python.org/3/using/cmdline.html,201,456,44.08%,2.21,,#VALUE!,201,,library/decimal.html,2
https://docs.python.org/3/tutorial/interpreter.html,191,898,21.27%,1.21,,#VALUE!,191,,library/decimal.html,1
https://docs.python.org/3/using/windows.html,190,622,30.55%,3.38,,#VALUE!,190,,library/dialog.html,79
https://docs.python.org/3/howto/regex.html,184,1192,15.44%,4.16,,#VALUE!,184,,library/difflib.html,77
https://docs.python.org/pt-br/3/howto/sockets.html,181,587,30.83%,1.63,,#VALUE!,181,,library/dis.html,9
https://docs.python.org/3/library/urllib.parse.html,179,327,54.74%,1.32,,library/urllib.parse.html,179,,library/distribution.html,2
https://docs.python.org/pt-br/3.10/library/math.html,178,1064,16.73%,2.4,,library/math.html,178,,library/distutils.html,27
https://docs.python.org/3/library/tempfile.html,171,255,67.06%,1.05,,library/tempfile.html,171,,library/distutils.html,1
https://docs.python.org/3/library/webbrowser.html,170,309,55.02%,2.28,,library/webbrowser.html,170,,library/doctest.html,95
https://docs.python.org/pt-br/3/tutorial/interpreter.html,169,479,35.28%,1.13,,#VALUE!,169,,library/email.encoders.html,2
https://docs.python.org/3/library/html.parser.html,164,338,48.52%,1.74,,library/html.parser.html,164,,library/email.examples.html,126
https://docs.python.org/3/library/heapq.html,160,314,50.96%,1.6,,library/heapq.html,160,,library/email.generator.html,1
https://docs.python.org/3/library/ftplib.html,153,228,67.11%,1.02,,library/ftplib.html,153,,library/email.html,9
https://docs.python.org/3/library/operator.html,144,388,37.11%,3.25,,library/operator.html,144,,library/email.message.html,10
https://docs.python.org/3/library/ctypes.html,138,214,64.49%,1.1,,library/ctypes.html,138,,library/email.mime.html,60
https://docs.python.org/pt-br/dev/howto/sorting.html,132,454,29.07%,1.78,,#VALUE!,132,,library/email.mime.html,22
https://docs.python.org/pt-br/3.8/library/stdtypes.html,131,2533,5.17%,4.55,,library/stdtypes.html,131,,library/email.parser.html,4
https://docs.python.org/pt-br/3/library/unittest.html,130,518,25.10%,1.84,,library/unittest.html,130,,library/ensurepip.html,7
https://docs.python.org/pt-br/3/library/stdtypes.html,128,636,20.13%,4.53,,library/stdtypes.html,128,,library/enum.html,658
https://docs.python.org/3/library/email.examples.html,126,427,29.51%,2.51,,library/email.examples.html,126,,library/errno.html,5
https://docs.python.org/3/library/traceback.html,122,251,48.61%,1.55,,library/traceback.html,122,,library/exceptions.html,425
https://docs.python.org/pt-br/3/library/copy.html,121,262,46.18%,1.72,,library/copy.html,121,,library/exceptions.html,20
https://docs.python.org/3/library/array.html,110,978,11.25%,3.38,,library/array.html,110,,library/faulthandler.html,2
https://docs.python.org/pt-br/3/tutorial/stdlib.html,110,589,18.68%,2.32,,#VALUE!,110,,library/fcntl.html,10
https://docs.python.org/pt-br/dev/library/subprocess.html,110,499,22.04%,2.07,,library/subprocess.html,110,,library/filecmp.html,6
https://docs.python.org/3/library/tkinter.messagebox.html,109,170,64.12%,1.08,,library/tkinter.messagebox.html,109,,library/fileinput.html,12
https://docs.python.org/3/library/calendar.html,109,157,69.43%,1.06,,library/calendar.html,109,,library/filesys.html,18
https://docs.python.org/3/py-modindex.html,106,409,25.92%,2.55,,#VALUE!,106,,library/filesys.html,8
https://docs.python.org/pt-br/3.7/installing/index.html,102,326,31.29%,3.46,,#VALUE!,102,,library/fnmatch.html,20
https://docs.python.org/pt-br/3/library/getpass.html,95,155,61.29%,1.07,,library/getpass.html,95,,library/fnmatch.html,4
https://docs.python.org/3/library/doctest.html,95,153,62.09%,1.04,,library/doctest.html,95,,library/formatter.html,1
https://docs.python.org/pt-br/3/library/zipfile.html,94,471,19.96%,3.26,,library/zipfile.html,94,,library/fractions.html,44
https://docs.python.org/3/reference/datamodel.html,94,208,45.19%,3.57,,#VALUE!,94,,library/ftplib.html,153
https://docs.python.org/3/library/profile.html,91,169,53.85%,1.02,,library/profile.html,91,,library/functional.html,1
https://docs.python.org/pt-br/3/tutorial/floatingpoint.html,85,583,14.58%,4.21,,#VALUE!,85,,library/functions.html,917
https://docs.python.org/3/library/dialog.html,79,114,69.30%,1.25,,library/dialog.html,79,,library/functions.html,335
https://docs.python.org/3/library/difflib.html,77,134,57.46%,1.41,,library/difflib.html,77,,library/functions.html,33
https://docs.python.org/3/library/warnings.html,77,123,62.60%,1.31,,library/warnings.html,77,,library/functions.html,10
https://docs.python.org/3.10/howto/enum.html,76,553,13.74%,2.04,,#VALUE!,76,,library/functions.html?highlight=int,2
https://docs.python.org/3/library/ast.html,76,137,55.47%,1.62,,library/ast.html,76,,library/functools.html,242
https://docs.python.org/pt-br/3.7/library/base64.html,74,2703,2.74%,5.19,,library/base64.html,74,,library/functools.html,56
https://docs.python.org/3/whatsnew/3.9.html,74,523,14.15%,2.02,,#VALUE!,74,,library/functools.html,12
https://docs.python.org/pt-br/3/using/windows.html,74,431,17.17%,4.94,,#VALUE!,74,,library/functools.html,1
https://docs.python.org/pt-br/3.7/library/csv.html,73,391,18.67%,2.03,,library/csv.html,73,,library/gc.html,58
https://docs.python.org/3/library/codecs.html,72,131,54.96%,2.64,,library/codecs.html,72,,library/getopt.html,35
https://docs.python.org/3/library/importlib.html,72,121,59.50%,1.49,,library/importlib.html,72,,library/getopt.html,14
https://docs.python.org/pt-br/3/faq/gui.html,70,465,15.05%,4.8,,#VALUE!,70,,library/getpass.html,95
https://docs.python.org/pt-br/3/library/asyncio.html,70,283,24.73%,2.46,,library/asyncio.html,70,,library/getpass.html,36
https://docs.python.org/pt-br/3/library/urllib.html,70,276,25.36%,2.08,,library/urllib.html,70,,library/getpass.html,1
https://docs.python.org/pt-br/3/library/http.client.html,69,191,36.13%,1.62,,library/http.client.html,69,,library/gettext.html,7
https://docs.python.org/3/howto/sockets.html,69,177,38.98%,2.13,,#VALUE!,69,,library/gettext.html,3
https://docs.python.org/3/library/tkinter.ttk.html,66,149,44.30%,3.75,,library/tkinter.ttk.html,66,,library/glob.html,455
https://docs.python.org/3/library/locale.html,66,109,60.55%,1.16,,library/locale.html,66,,library/glob.html,20
https://docs.python.org/3/tutorial/floatingpoint.html,65,156,41.67%,3.01,,#VALUE!,65,,library/glob.html,14
https://docs.python.org/3/reference/,64,396,16.16%,1.11,,#VALUE!,64,,library/graphlib.html,15
https://docs.python.org/pt-br/3.7/library/shutil.html,63,212,29.72%,2.07,,library/shutil.html,63,,library/graphlib.html,3
https://docs.python.org/3/library/cmath.html,63,117,53.85%,1.91,,library/cmath.html,63,,library/gzip.html,60
https://docs.python.org/3/howto/urllib2.html,62,191,32.46%,2.2,,#VALUE!,62,,library/hashlib.html,369
https://docs.python.org/pt-br/3.8/howto/sockets.html,62,164,37.80%,1.48,,#VALUE!,62,,library/hashlib.html,29
https://docs.python.org/3/library/unicodedata.html,61,78,78.21%,1.67,,library/unicodedata.html,61,,library/hashlib.html?highlight=sha,1
https://docs.python.org/3/library/__main__.html,60,402,14.93%,4.33,,library/__main__.html,60,,library/heapq.html,160
https://docs.python.org/3/library/email.mime.html,60,90,66.67%,1.09,,library/email.mime.html,60,,library/hmac.html,15
https://docs.python.org/3/library/gzip.html,60,89,67.42%,1.36,,library/gzip.html,60,,library/html.html,4
https://docs.python.org/3/library/gc.html,58,122,47.54%,2.11,,library/gc.html,58,,library/html.html,4
https://docs.python.org/pt-br/3/library/abc.html,58,109,53.21%,1.12,,library/abc.html,58,,library/html.parser.html,164
https://docs.python.org/3/library/contextlib.html,58,108,53.70%,1.77,,library/contextlib.html,58,,library/http.client.html,69
https://docs.python.org/pt-br/3/library/asyncio-queue.html,56,329,17.02%,2.08,,library/asyncio-queue.html,56,,library/http.client.html,44
https://docs.python.org/pt-br/3/library/functools.html,56,104,53.85%,1.25,,library/functools.html,56,,library/http.client.html,3
https://docs.python.org/3/reference/compound_stmts.html,55,269,20.45%,2.51,,#VALUE!,55,,library/http.cookiejar.html,6
https://docs.python.org/pt-br/3/library/pydoc.html,55,130,42.31%,1.67,,library/pydoc.html,55,,library/http.cookies.html,7
https://docs.python.org/3/library/bisect.html,55,100,55.00%,1.35,,library/bisect.html,55,,library/http.html,44
https://docs.python.org/3/library/signal.html,53,79,67.09%,1.19,,library/signal.html,53,,library/http.html,3
https://docs.python.org/3/tutorial/introduction.html,51,287,17.77%,4.63,,#VALUE!,51,,library/http.server.html,372
https://docs.python.org/pt-br/3/library/pickle.html,48,411,11.68%,2.92,,library/pickle.html,48,,library/i18n.html,3
https://docs.python.org/3/library/secrets.html,48,55,87.27%,1.09,,library/secrets.html,48,,library/idle.html,574
https://docs.python.org/3/library/imaplib.html,47,73,64.38%,1,,library/imaplib.html,47,,library/imaplib.html,47
https://docs.python.org/pt-br/3/using/cmdline.html,46,406,11.33%,7.38,,#VALUE!,46,,library/imp.html,7
https://docs.python.org/pt-br/3/library/decimal.html,46,206,22.33%,2.43,,library/decimal.html,46,,library/importlib.html,72
https://docs.python.org/3/download.html,46,134,34.33%,3.75,,#VALUE!,46,,library/importlib.metadata.html,4
https://docs.python.org/3/library/pydoc.html,46,117,39.32%,1.53,,library/pydoc.html,46,,library/index.html,1
https://docs.python.org/3/library/http.client.html,44,86,51.16%,2.31,,library/http.client.html,44,,library/inspect.html,40
https://docs.python.org/pt-br/dev/howto/curses.html,44,73,60.27%,1.22,,#VALUE!,44,,library/internet.html,2
https://docs.python.org/3/library/telnetlib.html,44,71,61.97%,1,,library/telnetlib.html,44,,library/io.html,297
https://docs.python.org/3/library/http.html,44,69,63.77%,1.28,,library/http.html,44,,library/ipaddress.html,26
https://docs.python.org/3/library/fractions.html,44,54,81.48%,1,,library/fractions.html,44,,library/ipc.html,4
https://docs.python.org/pt-br/3/tutorial/controlflow.html,41,758,5.41%,8.99,,#VALUE!,41,,library/itertools.html,714
https://docs.python.org/3/library/parser.html,40,70,57.14%,1.53,,library/parser.html,40,,library/itertools.html,2
https://docs.python.org/3/library/inspect.html,40,51,78.43%,1.08,,library/inspect.html,40,,library/json.html,2090
https://docs.python.org/3/distutils/setupscript.html,38,124,30.65%,2.69,,#VALUE!,38,,library/json.html,606
https://docs.python.org/pt-br/3.7/library/statistics.html,37,160,23.12%,2.85,,library/statistics.html,37,,library/json.html,1
https://docs.python.org/3/library/datatypes.html,37,148,25.00%,3.18,,library/datatypes.html,37,,library/keyword.html,37
https://docs.python.org/pt-br/3/library/keyword.html,37,114,32.46%,2.02,,library/keyword.html,37,,library/keyword.html,4
https://docs.python.org/3/library/getpass.html,36,97,37.11%,2.13,,library/getpass.html,36,,library/linecache.html,4
https://docs.python.org/3/library/binascii.html,36,53,67.92%,2,,library/binascii.html,36,,library/linecache.html,2
https://docs.python.org/3/reference/simple_stmts.html,35,134,26.12%,5.66,,#VALUE!,35,,library/locale.html,66
https://docs.python.org/pt-br/3/faq/windows.html,35,103,33.98%,5.34,,#VALUE!,35,,library/locale.html,14
https://docs.python.org/3/library/tokenize.html,35,71,49.30%,1.11,,library/tokenize.html,35,,library/logging.config.html,26
https://docs.python.org/3/library/getopt.html,35,61,57.38%,1.41,,library/getopt.html,35,,library/logging.handlers.html,35
https://docs.python.org/3/library/logging.handlers.html,35,47,74.47%,1.06,,library/logging.handlers.html,35,,library/logging.html,970
https://docs.python.org/3/library/zlib.html,33,512,6.45%,5.13,,library/zlib.html,33,,library/lzma.html,5
https://docs.python.org/3/howto/functional.html,33,124,26.61%,5.15,,#VALUE!,33,,library/mailbox.html,3
https://docs.python.org/pt-br/3/library/numeric.html,33,99,33.33%,3.03,,library/numeric.html,33,,library/marshal.html,2
https://docs.python.org/pt-br/3.6/library/functions.html,33,84,39.29%,2.23,,library/functions.html,33,,library/math.html,1435
https://docs.python.org/pt-br/3/library/operator.html,32,168,19.05%,5.74,,library/operator.html,32,,library/math.html,760
https://docs.python.org/3/whatsnew/3.8.html,32,83,38.55%,2.46,,#VALUE!,32,,library/math.html,178
https://docs.python.org/3/library/select.html,32,67,47.76%,1.3,,library/select.html,32,,library/math.html,1
https://docs.python.org/3/howto/curses.html,32,64,50.00%,1.58,,#VALUE!,32,,library/math.html,1
https://docs.python.org/3/library/asyncio-sync.html,32,58,55.17%,1.97,,library/asyncio-sync.html,32,,library/mimetypes.html,5
https://docs.python.org/3/library/2to3.html,32,46,69.57%,1.24,,library/2to3.html,32,,library/mimetypes.html,3
https://docs.python.org/pt-br/dev/library/pickle.html,31,179,17.32%,2.4,,library/pickle.html,31,,library/mmap.html,5
https://docs.python.org/3/reference/expressions.html,31,139,22.30%,6.59,,#VALUE!,31,,library/mmap.html,4
https://docs.python.org/pt-br/3.7/library/venv.html,31,67,46.27%,2.76,,library/venv.html,31,,library/modulefinder.html,1
https://docs.python.org/3/library/ssl.html,31,46,67.39%,1.98,,library/ssl.html,31,,library/modules.html,1
https://docs.python.org/3/library/unittest.mock-examples.html,30,73,41.10%,2.18,,library/unittest.mock-examples.html,30,,library/msvcrt.html,7
https://docs.python.org/3/library/sched.html,29,129,22.48%,3.38,,library/sched.html,29,,library/msvcrt.html,3
https://docs.python.org/3.5/library/hashlib.html,29,114,25.44%,2.38,,library/hashlib.html,29,,library/multiprocessing.html,748
https://docs.python.org/3/library/asyncio-eventloop.html,29,50,58%,1.04,,library/asyncio-eventloop.html,29,,library/multiprocessing.html,1
https://docs.python.org/3/tutorial/index.html,28,530,5%,1.07,,#VALUE!,28,,library/multiprocessing.shared_memory.html,3
https://docs.python.org/pt-br/3.7/library/py_compile.html,28,73,38.36%,3.97,,library/py_compile.html,28,,library/netrc.html,8
https://docs.python.org/3/library/py_compile.html,28,68,41.18%,2.15,,library/py_compile.html,28,,library/netrc.html,1
https://docs.python.org/pt-br/3.8/library/random.html,27,107,25.23%,2.03,,library/random.html,27,,library/numbers.html,1
https://docs.python.org/pt-br/dev/whatsnew/3.8.html,27,58,46.55%,1.55,,#VALUE!,27,,library/numeric.html,33
https://docs.python.org/3/library/distutils.html,27,48,56.25%,1.02,,library/distutils.html,27,,library/numeric.html,9
https://docs.python.org/3.11/whatsnew/3.11.html,27,34,79.41%,1.06,,#VALUE!,27,,library/operator.html,144
https://docs.python.org/pt-br/3.10/library/datetime.html,26,147,17.69%,2.5,,library/datetime.html,26,,library/operator.html,32
https://docs.python.org/3/library/ipaddress.html,26,49,53.06%,2.55,,library/ipaddress.html,26,,library/optparse.html,9
https://docs.python.org/3/library/logging.config.html,26,35,74.29%,1.34,,library/logging.config.html,26,,library/os.html,1338
https://docs.python.org/3/library/readline.html,25,127,19.69%,4.43,,library/readline.html,25,,library/os.html,396
https://docs.python.org/3/library/cmd.html,25,78,32.05%,2.76,,library/cmd.html,25,,library/os.html,10
https://docs.python.org/pt-br/3/whatsnew/index.html,24,62,38.71%,2.1,,#VALUE!,24,,library/os.html,8
https://docs.python.org/3/library/textwrap.html,24,40,60.00%,1,,library/textwrap.html,24,,library/os.html,1
https://docs.python.org/pt-br/3/library/shutil.html,23,61,37.70%,1.89,,library/shutil.html,23,,library/os.path.html,852
https://docs.python.org/pt-br/3.6/howto/unicode.html,22,81,27.16%,2.83,,#VALUE!,22,,library/os.path.html,211
https://docs.python.org/pt-br/3.7/library/pdb.html,22,74,29.73%,1.96,,library/pdb.html,22,,library/os.path.html,9
https://docs.python.org/pt-br/3.6/library/datetime.html,22,56,39.29%,2.18,,library/datetime.html,22,,library/os.path.html,1
https://docs.python.org/3/library/pipes.html,22,51,43%,1.06,,library/pipes.html,22,,library/parser.html,40
https://docs.python.org/pt-br/3.7/library/email.mime.html,22,37,59.46%,1.84,,library/email.mime.html,22,,library/pathlib.html,430
https://docs.python.org/pt-br/3.7/library/winsound.html,22,32,68.75%,1.16,,library/winsound.html,22,,library/pdb.html,324
https://docs.python.org/pt-br/3/library/__future__.html,21,34,61.76%,1.35,,library/__future__.html,21,,library/pdb.html,22
https://docs.python.org/3/library/xml.dom.minidom.html,21,29,72.41%,1.52,,library/xml.dom.minidom.html,21,,library/persistence.html,3
https://docs.python.org/3/library/tarfile.html,21,26,80.77%,1.08,,library/tarfile.html,21,,library/pickle.html,584
https://docs.python.org/pt-br/3.7/tutorial/interpreter.html,20,193,10.36%,2.97,,#VALUE!,20,,library/pickle.html,48
https://docs.python.org/pt-br/3.7/library/glob.html,20,181,11.05%,2.03,,library/glob.html,20,,library/pickle.html,31
https://docs.python.org/pt-br/3/library/exceptions.html,20,74,27.03%,3.22,,library/exceptions.html,20,,library/pipes.html,22
https://docs.python.org/3/howto/logging-cookbook.html,20,53,37.74%,1.51,,#VALUE!,20,,library/pkgutil.html,8
https://docs.python.org/pt-br/3/library/tkinter.messagebox.html,20,48,41.67%,2.06,,library/tkinter.messagebox.html,20,,library/platform.html,20
https://docs.python.org/3/extending/extending.html,20,47,42.55%,1.26,,#VALUE!,20,,library/plistlib.html,2
https://docs.python.org/pt-br/3/library/fnmatch.html,20,36,55.56%,1.08,,library/fnmatch.html,20,,library/plistlib.html,1
https://docs.python.org/3/library/types.html,20,36,55.56%,2.17,,library/types.html,20,,library/plistlib.html,1
https://docs.python.org/3/library/text.html,20,35,57.14%,2.2,,library/text.html,20,,library/poplib.html,1
https://docs.python.org/3/library/platform.html,20,31,64.52%,1,,library/platform.html,20,,library/posix.html,9
https://docs.python.org/pt-br/3.6/c-api/dict.html,19,318,5.97%,4.59,,#VALUE!,19,,library/posix.html,1
https://docs.python.org/pt-br/3.7/c-api/bytearray.html,19,48,39.58%,2.73,,#VALUE!,19,,library/posix.html,1
https://docs.python.org/3/library/tracemalloc.html,19,46,41.30%,2.33,,library/tracemalloc.html,19,,library/pprint.html,406
https://docs.python.org/pt-br/3/library/tkinter.font.html,19,32,59.38%,1.75,,library/tkinter.font.html,19,,library/profile.html,91
https://docs.python.org/pt-br/3/library/filesys.html,18,41,43.90%,4.66,,library/filesys.html,18,,library/pty.html,4
https://docs.python.org/3/faq/windows.html,18,40,45.00%,4,,#VALUE!,18,,library/pwd.html,5
https://docs.python.org/3/library/debug.html,17,48,35.42%,2.21,,library/debug.html,17,,library/pwd.html,4
https://docs.python.org/pt-br/3.8/c-api/bytes.html,17,44,38.64%,2.52,,#VALUE!,17,,library/py_compile.html,28
https://docs.python.org/3/library/socketserver.html,17,29,58.62%,1.07,,library/socketserver.html,17,,library/py_compile.html,28
https://docs.python.org/3/extending/embedding.html,17,25,68.00%,1.28,,#VALUE!,17,,library/pydoc.html,55
https://docs.python.org/3/distutils/configfile.html,17,24,70.83%,1,,#VALUE!,17,,library/pydoc.html,46
https://docs.python.org/3/library/shlex.html,17,24,70.83%,1,,library/shlex.html,17,,library/python.html,1
https://docs.python.org/3/library/asyncio-dev.html,16,52,30.77%,1.15,,library/asyncio-dev.html,16,,library/python.html,1
https://docs.python.org/pt-br/3/library/asyncio-task.html,15,55,27.27%,1.96,,library/asyncio-task.html,15,,library/queue.html,362
https://docs.python.org/pt-br/3/library/graphlib.html,15,48,31.25%,4.96,,library/graphlib.html,15,,library/quopri.html,3
https://docs.python.org/3/library/shelve.html,15,31,48.39%,2,,library/shelve.html,15,,library/random.html,4395
https://docs.python.org/3/library/hmac.html,15,23,65.22%,1.35,,library/hmac.html,15,,library/random.html,1023
https://docs.python.org/pt-br/3/library/xmlrpc.server.html,15,21,71.43%,1,,library/xmlrpc.server.html,15,,library/random.html,27
https://docs.python.org/pt-br/3.7/library/datetime.html,14,152,9.21%,2.66,,library/datetime.html,14,,library/random.html,4
https://docs.python.org/2.5/lib/string-methods.html,14,75,18.67%,2.29,,#VALUE!,14,,library/random.html,3
https://docs.python.org/pt-br/3/library/glob.html,14,68,20.59%,2,,library/glob.html,14,,library/random.html,1
https://docs.python.org/pt-br/3.8/library/locale.html,14,40,35.00%,1.88,,library/locale.html,14,,library/random.html,1
https://docs.python.org/pt-br/3/library/getopt.html,14,37,37.84%,2.24,,library/getopt.html,14,,library/re.html,2803
https://docs.python.org/pt-br/3/library/builtins.html,14,27,51.85%,1.48,,library/builtins.html,14,,library/re.html,396
https://docs.python.org/pt-br/3/library/2to3.html,14,25,56.00%,1.68,,library/2to3.html,14,,library/readline.html,25
https://docs.python.org/pt-br/3/index.html,13,99,13.13%,1,,#VALUE!,13,,library/resource.html,1
https://docs.python.org/pt-br/dev/library/unittest.html,13,75,17.33%,2.19,,library/unittest.html,13,,library/runpy.html,5
https://docs.python.org/2.7/library/urllib2.html,13,71,18.31%,2.04,,library/urllib2.html,13,,library/runpy.html,1
https://docs.python.org/pt-br/3/library/datatypes.html,13,52,25.00%,5.88,,library/datatypes.html,13,,library/sched.html,29
https://docs.python.org/3/library/constants.html,13,44,29.55%,5.07,,library/constants.html,13,,library/secrets.html,48
https://docs.python.org/pt-br/3/using/mac.html,13,41,31.71%,2.49,,#VALUE!,13,,library/secrets.html,3
https://docs.python.org/pt-br/3/library/urllib.parse.html,13,37,35.14%,2,,library/urllib.parse.html,13,,library/select.html,32
https://docs.python.org/3/library/asyncio-subprocess.html,13,36,36.11%,1.5,,library/asyncio-subprocess.html,13,,library/selectors.html,4
https://docs.python.org/3/reference/lexical_analysis.html,13,34,38.24%,3.5,,#VALUE!,13,,library/shelve.html,15
https://docs.python.org/pt-br/3.8/tutorial/errors.html,13,31,41.94%,2.48,,#VALUE!,13,,library/shlex.html,17
https://docs.python.org/pt-br/3.7/faq/gui.html,13,24,54.17%,2.04,,#VALUE!,13,,library/shutil.html,419
https://docs.python.org/3/library/asyncio-queue.html,13,15,86.67%,1,,library/asyncio-queue.html,13,,library/shutil.html,63
https://docs.python.org/3.4/library/string.html,12,86,13.95%,4.81,,library/string.html,12,,library/shutil.html,23
https://docs.python.org/pt-br/3.8/library/functools.html,12,31,38.71%,2.1,,library/functools.html,12,,library/signal.html,53
https://docs.python.org/3/install/,12,27,44.44%,2.96,,#VALUE!,12,,library/site.html,1
https://docs.python.org/3/library/fileinput.html,12,20,60.00%,1.25,,library/fileinput.html,12,,library/smtpd.html,1
https://docs.python.org/3/library/atexit.html,12,16,75.00%,1.19,,library/atexit.html,12,,library/smtplib.html,255
https://docs.python.org/pt-br/3/contents.html,11,164,6.71%,2.74,,#VALUE!,11,,library/socket.html,529
https://docs.python.org/3/whatsnew/3.0.html,11,51,21.57%,3.8,,#VALUE!,11,,library/socketserver.html,17
https://docs.python.org/3/library/winsound.html,11,29,37.93%,4.17,,library/winsound.html,11,,library/sqlite3.html,529
https://docs.python.org/pt-br/3/library/colorsys.html,11,20,55.00%,3.1,,library/colorsys.html,11,,library/ssl.html,31
https://docs.python.org/3.5/extending/newtypes.html,11,13,84.62%,1,,#VALUE!,11,,library/stat.html,11
https://docs.python.org/3/reference/grammar.html,11,12,91.67%,1,,#VALUE!,11,,library/statistics.html,406
https://docs.python.org/3/library/stat.html,11,12,91.67%,1.08,,library/stat.html,11,,library/statistics.html,254
https://docs.python.org/3.3/library/functions.html,10,68,14.71%,4.57,,library/functions.html,10,,library/statistics.html,37
https://docs.python.org/pt-br/3.10/library/asyncio-subprocess.html,10,41,24.39%,2.12,,library/asyncio-subprocess.html,10,,library/statistics.html,6
https://docs.python.org/pt-br/3.7/library/os.html,10,26,38.46%,2.77,,library/os.html,10,,library/stdtypes.html,556
https://docs.python.org/3/library/cgi.html,10,22,45.45%,1.77,,library/cgi.html,10,,library/stdtypes.html,131
https://docs.python.org/3/using/mac.html,10,22,45.45%,3.68,,#VALUE!,10,,library/stdtypes.html,128
https://docs.python.org/pt-br/3/c-api/buffer.html,10,21,47.62%,6.62,,#VALUE!,10,,library/stdtypes.html,8
https://docs.python.org/3/library/asyncio-future.html,10,19,52.63%,2.26,,library/asyncio-future.html,10,,library/stdtypes.html,1
https://docs.python.org/3/library/fcntl.html,10,18,55.56%,2,,library/fcntl.html,10,,library/stdtypes.html?highlight=split,2
https://docs.python.org/3/library/wave.html,10,15,66.67%,1,,library/wave.html,10,,library/string.html,297
https://docs.python.org/3/library/email.message.html,10,13,76.92%,1,,library/email.message.html,10,,library/string.html,12
https://docs.python.org/3/library/asyncio-stream.html,10,12,83.33%,1,,library/asyncio-stream.html,10,,library/string.html,6
https://docs.python.org/pt-br/3.7/library/posix.html,9,211,4.27%,5.55,,library/posix.html,9,,library/struct.html,311
https://docs.python.org/pt-br/3/c-api/none.html,9,48,18.75%,4.52,,#VALUE!,9,,library/subprocess.html,943
https://docs.python.org/pt-br/3.8/library/urllib.html,9,38,23.68%,2,,library/urllib.html,9,,library/subprocess.html,110
https://docs.python.org/pt-br/dev/howto/logging.html,9,26,34.62%,1.38,,#VALUE!,9,,library/symbol.html,4
https://docs.python.org/3/genindex-all.html,9,25,36.00%,2.52,,#VALUE!,9,,library/sys.html,427
https://docs.python.org/pt-br/3/library/os.path.html,9,22,40.91%,2.59,,library/os.path.html,9,,library/syslog.html,5
https://docs.python.org/3/c-api/list.html,9,21,42.86%,3.48,,#VALUE!,9,,library/tarfile.html,21
https://docs.python.org/3/library/xml.html,9,20,45.00%,1.85,,library/xml.html,9,,library/telnetlib.html,44
https://docs.python.org/3/library/numeric.html,9,14,64.29%,1.14,,library/numeric.html,9,,library/tempfile.html,171
https://docs.python.org/3/library/email.html,9,13,69.23%,1,,library/email.html,9,,library/termios.html,6
https://docs.python.org/3/library/dis.html,9,13,69.23%,1.85,,library/dis.html,9,,library/termios.html,4
https://docs.python.org/3/license.html,9,12,75.00%,1,,#VALUE!,9,,library/test.html,1
https://docs.python.org/3/library/collections.abc.html,9,12,75.00%,1.5,,library/collections.abc.html,9,,library/text.html,20
https://docs.python.org/3/distutils/apiref.html,9,10,90.00%,1,,#VALUE!,9,,library/textwrap.html,24
https://docs.python.org/3/library/optparse.html,9,9,100.00%,1,,library/optparse.html,9,,library/threading.html,595
https://docs.python.org/3.3/library/stdtypes.html?highlight=range,8,83,9.64%,6.06,,library/stdtypes.html?highlight=range,8,,library/time.html,1591
https://docs.python.org/3/faq/programming.html,8,67,11.94%,6.04,,#VALUE!,8,,library/timeit.html,277
https://docs.python.org/pt-br/3/library/__main__.html,8,47,17.02%,5.7,,library/__main__.html,8,,library/tk.html,604
https://docs.python.org/pt-br/3.10/library/os.html,8,31,25.81%,3.06,,library/os.html,8,,library/tk.html,310
https://docs.python.org/3/library/pkgutil.html,8,20,40.00%,1,,library/pkgutil.html,8,,library/tkinter.colorchooser.html,2
https://docs.python.org/3/library/xmlrpc.html,8,18,44.44%,2.83,,library/xmlrpc.html,8,,library/tkinter.dnd.html,1
https://docs.python.org/pt-br/3/library/netrc.html,8,15,53.33%,2.2,,library/netrc.html,8,,library/tkinter.font.html,19
https://docs.python.org/3/library/winreg.html,8,14,57.14%,1,,library/winreg.html,8,,library/tkinter.html,1962
https://docs.python.org/3/library/filesys.html,8,13,61.54%,3.69,,library/filesys.html,8,,library/tkinter.messagebox.html,109
https://docs.python.org/3/howto/descriptor.html,8,9,88.89%,1.22,,#VALUE!,8,,library/tkinter.messagebox.html,20
https://docs.python.org/pt-br/3.8/,7,129,5.43%,1,,#VALUE!,7,,library/tkinter.scrolledtext.html,4
https://docs.python.org/3/c-api/set.html,7,51,13.73%,6.57,,#VALUE!,7,,library/tkinter.scrolledtext.html,2
https://docs.python.org/pt-br/3/whatsnew/3.9.html,7,45,16%,1.42,,#VALUE!,7,,library/tkinter.ttk.html,66
https://docs.python.org/pt-br/3/installing/index.html,7,34,20.59%,6.26,,#VALUE!,7,,library/token.html,2
https://docs.python.org/pt-br/3.8/library/bisect.html,7,26,26.92%,2.5,,library/bisect.html,7,,library/token.html,2
https://docs.python.org/pt-br/3.7/library/abc.html,7,21,33.33%,1.67,,library/abc.html,7,,library/tokenize.html,35
https://docs.python.org/pt-br/3/library/zlib.html,7,17,41.18%,2.12,,library/zlib.html,7,,library/trace.html,5
https://docs.python.org/pt-br/3.8/library/cmath.html,7,17,41.18%,2.24,,library/cmath.html,7,,library/traceback.html,122
https://docs.python.org/3/using/unix.html,7,15,46.67%,2.2,,#VALUE!,7,,library/tracemalloc.html,19
https://docs.python.org/3/library/urllib.error.html,7,14,50.00%,2.07,,library/urllib.error.html,7,,library/tty.html,6
https://docs.python.org/3/library/ensurepip.html,7,13,54%,1,,library/ensurepip.html,7,,library/tty.html,3
https://docs.python.org/pt-br/3/library/gettext.html,7,13,53.85%,1.15,,library/gettext.html,7,,library/tty.html,2
https://docs.python.org/3/library/contextvars.html,7,11,63.64%,1.27,,library/contextvars.html,7,,library/turtle.html,294
https://docs.python.org/pt-br/3/library/msvcrt.html,7,11,63.64%,2.09,,library/msvcrt.html,7,,library/types.html,20
https://docs.python.org/3/library/http.cookies.html,7,9,77.78%,1,,library/http.cookies.html,7,,library/typing.html,719
https://docs.python.org/3/library/crypt.html,7,8,87.50%,1.38,,library/crypt.html,7,,library/unicodedata.html,61
https://docs.python.org/3/library/imp.html,7,7,100.00%,1,,library/imp.html,7,,library/unittest.html,755
https://docs.python.org/pt-br/3/c-api/list.html,6,62,9.68%,3.77,,#VALUE!,6,,library/unittest.html,130
https://docs.python.org/3/genindex-I.html,6,50,12.00%,6.84,,#VALUE!,6,,library/unittest.html,13
https://docs.python.org/pt-br/3.9/library/string.html,6,45,13.33%,7.71,,library/string.html,6,,library/unittest.html,1
https://docs.python.org/pt-br/3.8/c-api/float.html,6,28,21%,5.75,,#VALUE!,6,,library/unittest.mock-examples.html,30
https://docs.python.org/pt-br/3.9/library/asyncio-subprocess.html,6,25,24.00%,2.48,,library/asyncio-subprocess.html,6,,library/unittest.mock.html,471
https://docs.python.org/pt-br/3.8/tutorial/venv.html,6,13,46.15%,1.23,,#VALUE!,6,,library/urllib.error.html,7
https://docs.python.org/3/c-api/,6,12,50.00%,1.33,,#VALUE!,6,,library/urllib.error.html,1
https://docs.python.org/3/c-api/cell.html,6,12,50%,2.08,,#VALUE!,6,,library/urllib.html,366
https://docs.python.org/3/c-api/memory.html,6,12,50.00%,2.08,,#VALUE!,6,,library/urllib.html,70
https://docs.python.org/3/library/http.cookiejar.html,6,12,50.00%,3.33,,library/http.cookiejar.html,6,,library/urllib.html,9
https://docs.python.org/3/c-api/buffer.html,6,11,54.55%,1.91,,#VALUE!,6,,library/urllib.html,2
https://docs.python.org/3/howto/pyporting.html,6,10,60.00%,2,,#VALUE!,6,,library/urllib.parse.html,179
https://docs.python.org/3.6/library/statistics.html,6,10,60.00%,2.3,,library/statistics.html,6,,library/urllib.parse.html,13
https://docs.python.org/pt-br/3/library/termios.html,6,8,75.00%,1.75,,library/termios.html,6,,library/urllib.request.html,215
https://docs.python.org/3/whatsnew/changelog.html,6,7,85.71%,1,,#VALUE!,6,,library/urllib2.html,13
https://docs.python.org/3/library/tty.html,6,7,85.71%,1.29,,library/tty.html,6,,library/uuid.html,382
https://docs.python.org/3/library/filecmp.html,6,6,100.00%,1,,library/filecmp.html,6,,library/venv.html,2056
https://docs.python.org/pt-br/3/library/pwd.html,5,28,17.86%,3.82,,library/pwd.html,5,,library/venv.html,1689
https://docs.python.org/pt-br/3.11/tutorial/index.html,5,19,26.32%,2.32,,#VALUE!,5,,library/venv.html,31
https://docs.python.org/pt-br/3.7/distutils/examples.html,5,17,29.41%,6.18,,#VALUE!,5,,library/venv.html,2
https://docs.python.org/3/library/colorsys.html,5,14,36%,3.79,,library/colorsys.html,5,,library/venv.html,1
https://docs.python.org/pt-br/3/library/ast.html,5,12,41.67%,2.92,,library/ast.html,5,,library/warnings.html,77
https://docs.python.org/3/library/lzma.html,5,11,45%,1.73,,library/lzma.html,5,,library/wave.html,10
https://docs.python.org/pt-br/3/library/runpy.html,5,10,50%,1.2,,library/runpy.html,5,,library/wave.html,3
https://docs.python.org/pt-br/3/library/_thread.html,5,9,55.56%,1.33,,library/_thread.html,5,,library/weakref.html,3
https://docs.python.org/3/library/syslog.html,5,8,62.50%,1,,library/syslog.html,5,,library/webbrowser.html,170
https://docs.python.org/3/library/zoneinfo.html,5,8,62.50%,1,,library/zoneinfo.html,5,,library/webbrowser.html,2
https://docs.python.org/3/c-api/call.html,5,8,62.50%,1.62,,#VALUE!,5,,library/winreg.html,8
https://docs.python.org/3/library/trace.html,5,7,71.43%,1.14,,library/trace.html,5,,library/winsound.html,22
https://docs.python.org/3/library/mimetypes.html,5,7,71.43%,1.57,,library/mimetypes.html,5,,library/winsound.html,11
https://docs.python.org/3/library/bz2.html,5,7,71.43%,2.14,,library/bz2.html,5,,library/xml.dom.html,2
https://docs.python.org/3/c-api/arg.html,5,6,83.33%,1,,#VALUE!,5,,library/xml.dom.minidom.html,21
https://docs.python.org/3/library/errno.html,5,6,83.33%,1,,library/errno.html,5,,library/xml.etree.elementtree.html,380
https://docs.python.org/3/library/dbm.html,5,5,100.00%,1,,library/dbm.html,5,,library/xml.html,9
https://docs.python.org/3/library/mmap.html,5,5,100.00%,1,,library/mmap.html,5,,library/xmlrpc.client.html,2
https://docs.python.org/pt-br/3.7/library/zipfile.html,4,59,6.78%,5.9,,library/zipfile.html,4,,library/xmlrpc.html,8
https://docs.python.org/pt-br/3.7/,4,43,9.30%,1,,#VALUE!,4,,library/xmlrpc.html,1
https://docs.python.org/pt-br/3.8/tutorial/index.html,4,41,9.76%,1,,#VALUE!,4,,library/xmlrpc.server.html,15
https://docs.python.org/pt-br/3.10/c-api/set.html,4,32,12.50%,7.75,,#VALUE!,4,,library/xmlrpc.server.html,1
https://docs.python.org/3.3/library/argparse.html,4,29,13.79%,5.07,,library/argparse.html,4,,library/zipfile.html,266
https://docs.python.org/pt-br/3.8/library/mmap.html,4,21,19.05%,3.1,,library/mmap.html,4,,library/zipfile.html,94
https://docs.python.org/pt-br/3.7/library/html.html,4,16,25.00%,6.75,,library/html.html,4,,library/zipfile.html,4
https://docs.python.org/3/library/crypto.html,4,16,25.00%,7.81,,library/crypto.html,4,,library/zipfile.html,4
https://docs.python.org/3/using/index.html,4,14,28.57%,3.5,,#VALUE!,4,,library/zlib.html,33
https://docs.python.org/pt-br/3.6/library/zipfile.html,4,13,30.77%,2,,library/zipfile.html,4,,library/zlib.html,7
https://docs.python.org/3/library/keyword.html,4,12,33.33%,6,,library/keyword.html,4,,library/zoneinfo.html,5
https://docs.python.org/pt-br/3/library/symbol.html,4,11,36.36%,2.82,,library/symbol.html,4,,,
https://docs.python.org/3/library/pty.html,4,10,40%,1,,library/pty.html,4,,,
https://docs.python.org/3/glossary.html,4,10,40%,4.2,,#VALUE!,4,,,
https://docs.python.org/3/library/_thread.html,4,9,44.44%,1.22,,library/_thread.html,4,,,
https://docs.python.org/3/library/pwd.html,4,9,44.44%,3,,library/pwd.html,4,,,
https://docs.python.org/3/library/builtins.html,4,9,44.44%,5.33,,library/builtins.html,4,,,
https://docs.python.org/pt-br/3/reference/index.html,4,8,50.00%,1.38,,#VALUE!,4,,,
https://docs.python.org/3/library/termios.html,4,8,50.00%,2,,library/termios.html,4,,,
https://docs.python.org/3/library/importlib.metadata.html,4,8,50.00%,3.12,,library/importlib.metadata.html,4,,,
https://docs.python.org/3/library/selectors.html,4,7,57.14%,1,,library/selectors.html,4,,,
https://docs.python.org/pt-br/3/distutils/commandref.html,4,7,57.14%,1.29,,#VALUE!,4,,,
https://docs.python.org/3/c-api/file.html,4,7,57.14%,3.14,,#VALUE!,4,,,
https://docs.python.org/3/library/html.html,4,6,66.67%,1,,library/html.html,4,,,
https://docs.python.org/fr/3/library/random.html,4,6,66.67%,1,,library/random.html,4,,,
https://docs.python.org/pt-br/3/library/tkinter.scrolledtext.html,4,6,66.67%,1,,library/tkinter.scrolledtext.html,4,,,
https://docs.python.org/3/library/email.parser.html,4,6,66.67%,1.17,,library/email.parser.html,4,,,
https://docs.python.org/3/distutils/sourcedist.html,4,5,80.00%,1,,#VALUE!,4,,,
https://docs.python.org/3/library/fnmatch.html,4,5,80%,1.4,,library/fnmatch.html,4,,,
https://docs.python.org/3/library/linecache.html,4,5,80.00%,1.4,,library/linecache.html,4,,,
https://docs.python.org/3/library/ipc.html,4,4,100.00%,1,,library/ipc.html,4,,,
https://docs.python.org/2.5/lib/deque-objects.html,3,20,15.00%,5.15,,#VALUE!,3,,,
https://docs.python.org/pt-br/3/library/http.html,3,12,25.00%,2.75,,library/http.html,3,,,
https://docs.python.org/3.4/tutorial/controlflow.html,3,10,30.00%,7,,#VALUE!,3,,,
https://docs.python.org/pt-br/3/library/tty.html,3,9,33.33%,1,,library/tty.html,3,,,
https://docs.python.org/3/whatsnew/3.3.html,3,8,37.50%,3.38,,#VALUE!,3,,,
https://docs.python.org/pt-br/3/library/random.html,3,8,37.50%,4.5,,library/random.html,3,,,
https://docs.python.org/3/howto/ipaddress.html,3,8,37.50%,4.88,,#VALUE!,3,,,
https://docs.python.org/3/c-api/mapping.html,3,8,37.50%,7.75,,#VALUE!,3,,,
https://docs.python.org/3/library/audioop.html,3,7,42.86%,1,,library/audioop.html,3,,,
https://docs.python.org/3/library/__future__.html,3,7,43%,1.71,,library/__future__.html,3,,,
https://docs.python.org/pt-br/3/library/secrets.html,3,7,42.86%,1.71,,library/secrets.html,3,,,
https://docs.python.org/3/library/msvcrt.html,3,7,42.86%,1.86,,library/msvcrt.html,3,,,
https://docs.python.org/pt-br/3.8/library/asyncio-task.html,3,7,42.86%,2,,library/asyncio-task.html,3,,,
https://docs.python.org/3.4/tutorial/venv.html,3,7,42.86%,3.14,,#VALUE!,3,,,
https://docs.python.org/3/library/multiprocessing.shared_memory.html,3,6,50.00%,1.33,,library/multiprocessing.shared_memory.html,3,,,
https://docs.python.org/3/library/gettext.html,3,6,50.00%,1.5,,library/gettext.html,3,,,
https://docs.python.org/3/library/concurrency.html,3,5,60%,2,,library/concurrency.html,3,,,
https://docs.python.org/3/c-api/veryhigh.html,3,4,75%,1,,#VALUE!,3,,,
https://docs.python.org/3/library/mailbox.html,3,4,75.00%,1,,library/mailbox.html,3,,,
https://docs.python.org/3/library/quopri.html,3,4,75.00%,1,,library/quopri.html,3,,,
https://docs.python.org/pt-br/3.6/library/wave.html,3,4,75%,1,,library/wave.html,3,,,
https://docs.python.org/pt-br/3.8/tutorial/inputoutput.html,3,4,75%,1,,#VALUE!,3,,,
https://docs.python.org/pt-br/3/c-api/memoryview.html,3,4,75.00%,1,,#VALUE!,3,,,
https://docs.python.org/pt-br/3/library/mimetypes.html,3,4,75.00%,1,,library/mimetypes.html,3,,,
https://docs.python.org/pt-br/3.8/library/http.client.html,3,4,75.00%,1.5,,library/http.client.html,3,,,
https://docs.python.org/3/library/i18n.html,3,4,75.00%,2.5,,library/i18n.html,3,,,
https://docs.python.org/3/library/weakref.html,3,4,75.00%,3.25,,library/weakref.html,3,,,
https://docs.python.org/3/c-api/bool.html,3,3,100.00%,1,,#VALUE!,3,,,
https://docs.python.org/3/c-api/module.html,3,3,100.00%,1,,#VALUE!,3,,,
https://docs.python.org/3/library/asyncore.html,3,3,100.00%,1,,library/asyncore.html,3,,,
https://docs.python.org/3/library/graphlib.html,3,3,100.00%,1,,library/graphlib.html,3,,,
https://docs.python.org/3/library/persistence.html,3,3,100.00%,1,,library/persistence.html,3,,,
https://docs.python.org/pt-br/dev/distutils/examples.html,3,3,100.00%,1,,#VALUE!,3,,,
https://docs.python.org/3/c-api/tuple.html,3,3,100.00%,1.67,,#VALUE!,3,,,
https://docs.python.org/3.4/library/functions.html?highlight=int,2,21,9.52%,4.81,,library/functions.html?highlight=int,2,,,
https://docs.python.org/3.3/library/stdtypes.html?highlight=split,2,17,11.76%,5.24,,library/stdtypes.html?highlight=split,2,,,
https://docs.python.org/pt-br/dev/library/venv.html,2,13,15.38%,2.92,,library/venv.html,2,,,
https://docs.python.org/pt-br/3.10/whatsnew/index.html,2,10,20.00%,3,,#VALUE!,2,,,
https://docs.python.org/3/genindex-Symbols.html,2,10,20%,3.3,,#VALUE!,2,,,
https://docs.python.org/pt-br/3.8/tutorial/floatingpoint.html,2,10,20.00%,5.5,,#VALUE!,2,,,
https://docs.python.org/pt-br/3.7/tutorial/inputoutput.html,2,10,20.00%,6,,#VALUE!,2,,,
https://docs.python.org/pt-br/3.7/library/ast.html,2,9,22.22%,2,,library/ast.html,2,,,
https://docs.python.org/pt-br/3/c-api/bool.html,2,9,22%,6.78,,#VALUE!,2,,,
https://docs.python.org/3/library/compileall.html,2,8,25.00%,3.12,,library/compileall.html,2,,,
https://docs.python.org/3/library/faulthandler.html,2,7,29%,1,,library/faulthandler.html,2,,,
https://docs.python.org/3.6/library/ast.html,2,7,28.57%,2.71,,library/ast.html,2,,,
https://docs.python.org/3/tutorial/stdlib.html,2,7,28.57%,3.43,,#VALUE!,2,,,
https://docs.python.org/2.4/lib/bltin-file-objects.html,2,6,33.33%,1.67,,#VALUE!,2,,,
https://docs.python.org/pt-br/3.7/library/asyncio.html,2,6,33%,2,,library/asyncio.html,2,,,
https://docs.python.org/pt-br/3.7/library/urllib.html,2,6,33%,6,,library/urllib.html,2,,,
https://docs.python.org/3/c-api/structures.html,2,5,40%,1.2,,#VALUE!,2,,,
https://docs.python.org/3/library/tkinter.scrolledtext.html,2,5,40.00%,2,,library/tkinter.scrolledtext.html,2,,,
https://docs.python.org/3/library/internet.html,2,5,40%,2.4,,library/internet.html,2,,,
https://docs.python.org/3.1/library/itertools.html?highlight=combinations,2,5,40.00%,3.8,,library/itertools.html?highlight=combinations,2,,,
https://docs.python.org/3/faq/gui.html,2,5,40%,5,,#VALUE!,2,,,
https://docs.python.org/2.0/lib/module-SimpleHTTPServer.html,2,4,50.00%,1,,#VALUE!,2,,,
https://docs.python.org/3/reference/executionmodel.html,2,4,50%,1,,#VALUE!,2,,,
https://docs.python.org/pt-br/3.8/c-api/cell.html,2,4,50.00%,1,,#VALUE!,2,,,
https://docs.python.org/pt-br/3/library/token.html,2,4,50.00%,1,,library/token.html,2,,,
https://docs.python.org/3/c-api/dict.html,2,4,50.00%,2,,#VALUE!,2,,,
https://docs.python.org/pt-br/dev/library/decimal.html,2,4,50.00%,2,,library/decimal.html,2,,,
https://docs.python.org/3/library/token.html,2,4,50.00%,2.5,,library/token.html,2,,,
https://docs.python.org/pt-br/3.11/,2,4,50.00%,3.75,,#VALUE!,2,,,
https://docs.python.org/pt-br/dev/library/tkinter.colorchooser.html,2,4,50.00%,4,,library/tkinter.colorchooser.html,2,,,
https://docs.python.org/3/library/xml.dom.html,2,4,50.00%,5,,library/xml.dom.html,2,,,
https://docs.python.org/3/c-api/index.html,2,3,66.67%,1,,#VALUE!,2,,,
https://docs.python.org/3/library/marshal.html,2,3,66.67%,1,,library/marshal.html,2,,,
https://docs.python.org/pt-br/3/library/plistlib.html,2,3,66.67%,1,,library/plistlib.html,2,,,
https://docs.python.org/pt-br/3/c-api/complex.html,2,3,66.67%,3,,#VALUE!,2,,,
https://docs.python.org/3/c-api/long.html,2,3,66.67%,3.33,,#VALUE!,2,,,
https://docs.python.org/pt-br/3.8/c-api/complex.html,2,3,66.67%,4,,#VALUE!,2,,,
https://docs.python.org/3.6/library/asyncio-dev.html,2,2,100.00%,1,,library/asyncio-dev.html,2,,,
https://docs.python.org/3/c-api/refcounting.html,2,2,100%,1,,#VALUE!,2,,,
https://docs.python.org/3/library/email.encoders.html,2,2,100.00%,1,,library/email.encoders.html,2,,,
https://docs.python.org/3/whatsnew/3.7.html,2,2,100.00%,1,,#VALUE!,2,,,
https://docs.python.org/pt-br/3/library/atexit.html,2,2,100.00%,1,,library/atexit.html,2,,,
https://docs.python.org/pt-br/3/library/linecache.html,2,2,100.00%,1,,library/linecache.html,2,,,
https://docs.python.org/pt-br/dev/distutils/commandref.html,2,2,100.00%,1,,#VALUE!,2,,,
https://docs.python.org/pt-br/3.7/library/tty.html,2,2,100.00%,1.5,,library/tty.html,2,,,
https://docs.python.org/3/genindex-_.html,2,2,100.00%,2,,#VALUE!,2,,,
https://docs.python.org/3/library/xmlrpc.client.html,2,2,100.00%,2,,library/xmlrpc.client.html,2,,,
https://docs.python.org/es/3/library/webbrowser.html,2,2,100%,2,,library/webbrowser.html,2,,,
https://docs.python.org/3/library/distribution.html,2,2,100.00%,2.5,,library/distribution.html,2,,,
https://docs.python.org/3/faq/general.html,2,2,100.00%,3,,#VALUE!,2,,,
https://docs.python.org/2.3/whatsnew/section-enumerate.html,1,40,2.50%,8.18,,#VALUE!,1,,,
https://docs.python.org/2.3/whatsnew/section-bool.html,1,16,6.25%,9.5,,#VALUE!,1,,,
https://docs.python.org/3.3/library/os.path.html?highlight=path,1,15,7%,2.33,,library/os.path.html?highlight=path,1,,,
https://docs.python.org/3/distutils/packageindex.html,1,10,10%,4,,#VALUE!,1,,,
https://docs.python.org/pt-br/3.9/c-api/bytearray.html,1,8,12.50%,4.12,,#VALUE!,1,,,
https://docs.python.org/3/library/smtpd.html,1,7,14.29%,1,,library/smtpd.html,1,,,
https://docs.python.org/2.0/ref/pass.html,1,7,14.29%,7.29,,#VALUE!,1,,,
https://docs.python.org/pt-br/3.10/library/functools.html,1,6,17%,4,,library/functools.html,1,,,
https://docs.python.org/3.1/tutorial/introduction.html,1,5,20%,7.6,,#VALUE!,1,,,
https://docs.python.org/pt-br/3/library/python.html,1,5,20%,8,,library/python.html,1,,,
https://docs.python.org/pt-br/3.8/library/colorsys.html,1,5,20%,10,,library/colorsys.html,1,,,
https://docs.python.org/3/library/poplib.html,1,4,25%,1,,library/poplib.html,1,,,
https://docs.python.org/pt-br/3.8/c-api/datetime.html,1,4,25.00%,2.5,,#VALUE!,1,,,
https://docs.python.org/3/library/python.html,1,4,25.00%,3.75,,library/python.html,1,,,
https://docs.python.org/pt-br/3/library/compileall.html,1,4,25.00%,4,,library/compileall.html,1,,,
https://docs.python.org/pt-br/3/extending/index.html,1,4,25.00%,5,,#VALUE!,1,,,
https://docs.python.org/3/library/formatter.html,1,4,25.00%,8.75,,library/formatter.html,1,,,
https://docs.python.org/pt-br/3.7/library/decimal.html,1,4,25.00%,9,,library/decimal.html,1,,,
https://docs.python.org/3.1/library/random.html,1,3,33.33%,1,,library/random.html,1,,,
https://docs.python.org/fr/3/library/os.html,1,3,33.33%,1,,library/os.html,1,,,
https://docs.python.org/pt-br/3/faq/index.html,1,3,33.33%,1,,#VALUE!,1,,,
https://docs.python.org/pt-br/3.6/library/random.html,1,3,33.33%,1.67,,library/random.html,1,,,
https://docs.python.org/pt-br/3.8/library/venv.html,1,3,33.33%,1.67,,library/venv.html,1,,,
https://docs.python.org/3.6/library/asyncio.html,1,3,33.33%,2,,library/asyncio.html,1,,,
https://docs.python.org/es/3/library/dataclasses.html,1,3,33%,2,,library/dataclasses.html,1,,,
https://docs.python.org/pt-br/3.10/c-api/contextvars.html,1,3,33%,2,,#VALUE!,1,,,
https://docs.python.org/pt-br/3.7/reference/index.html,1,3,33%,2,,#VALUE!,1,,,
https://docs.python.org/pt-br/3/library/distutils.html,1,3,33%,2,,library/distutils.html,1,,,
https://docs.python.org/pt-br/3/library/modules.html,1,3,33.33%,2,,library/modules.html,1,,,
https://docs.python.org/2.5/lib/sqlite3-Cursor-Objects.html,1,3,33.33%,2.33,,#VALUE!,1,,,
https://docs.python.org/3/library/tkinter.dnd.html,1,3,33.33%,2.33,,library/tkinter.dnd.html,1,,,
https://docs.python.org/2.0/ref/power.html,1,3,33.33%,6,,#VALUE!,1,,,
https://docs.python.org/2.4/lib/standard-encodings.html,1,3,33.33%,8,,#VALUE!,1,,,
https://docs.python.org/pt-br/3.7/tutorial/introduction.html,1,3,33.33%,8.33,,#VALUE!,1,,,
https://docs.python.org/pt-br/3/c-api/arg.html,1,3,33.33%,9,,#VALUE!,1,,,
https://docs.python.org/3.3/library/math.html,1,3,33.33%,10,,library/math.html,1,,,
https://docs.python.org/3.7/search.html?q=dict%20values&check_keywords=yes&area=default,1,3,33%,10,,#VALUE!,1,,,
https://docs.python.org/3/library/email.generator.html,1,3,33%,31.67,,library/email.generator.html,1,,,
https://docs.python.org/3/c-api/code.html,1,2,50.00%,1,,#VALUE!,1,,,
https://docs.python.org/3/c-api/exceptions.html,1,2,50.00%,1,,#VALUE!,1,,,
https://docs.python.org/3/c-api/init.html,1,2,50.00%,1,,#VALUE!,1,,,
https://docs.python.org/3/contents.html,1,2,50%,1,,#VALUE!,1,,,
https://docs.python.org/3/extending/index.html,1,2,50%,1,,#VALUE!,1,,,
https://docs.python.org/3/genindex-J.html,1,2,50%,1,,#VALUE!,1,,,
https://docs.python.org/3/library/asyncio-protocol.html,1,2,50.00%,1,,library/asyncio-protocol.html,1,,,
https://docs.python.org/3/library/netrc.html,1,2,50.00%,1,,library/netrc.html,1,,,
https://docs.python.org/3/library/site.html,1,2,50.00%,1,,library/site.html,1,,,
https://docs.python.org/3/library/test.html,1,2,50.00%,1,,library/test.html,1,,,
https://docs.python.org/es/3/tutorial/,1,2,50.00%,1,,#VALUE!,1,,,
https://docs.python.org/3.3/library/collections.html,1,2,50.00%,1.5,,library/collections.html,1,,,
https://docs.python.org/pt-br/3/library/modulefinder.html,1,2,50.00%,1.5,,library/modulefinder.html,1,,,
https://docs.python.org/2.5/ext/callingPython.html,1,2,50.00%,2,,#VALUE!,1,,,
https://docs.python.org/2.5/ref/comparisons.html,1,2,50%,2,,#VALUE!,1,,,
https://docs.python.org/3.4/library/datetime.html,1,2,50%,2,,library/datetime.html,1,,,
https://docs.python.org/3.5/library/hashlib.html?highlight=sha,1,2,50%,2,,library/hashlib.html?highlight=sha,1,,,
https://docs.python.org/3.6/library/asyncio-sync.html,1,2,50%,2,,library/asyncio-sync.html,1,,,
https://docs.python.org/3/c-api/gen.html,1,2,50.00%,2,,#VALUE!,1,,,
https://docs.python.org/3/library/posix.html,1,2,50.00%,2,,library/posix.html,1,,,
https://docs.python.org/pt-br/3.10/library/bisect.html,1,2,50.00%,2,,library/bisect.html,1,,,
https://docs.python.org/pt-br/3.6/library/asyncio.html,1,2,50.00%,2,,library/asyncio.html,1,,,
https://docs.python.org/pt-br/3.7/library/asyncio-task.html,1,2,50.00%,2,,library/asyncio-task.html,1,,,
https://docs.python.org/pt-br/3.7/library/unittest.html,1,2,50.00%,2,,library/unittest.html,1,,,
https://docs.python.org/pt-br/3.8/using/windows.html,1,2,50.00%,2,,#VALUE!,1,,,
https://docs.python.org/pt-br/3.9/howto/logging.html,1,2,50.00%,2,,#VALUE!,1,,,
https://docs.python.org/pt-br/3/distutils/sourcedist.html,1,2,50.00%,2,,#VALUE!,1,,,
https://docs.python.org/pt-br/3/faq/general.html,1,2,50%,2,,#VALUE!,1,,,
https://docs.python.org/pt-br/3/library/bisect.html,1,2,50.00%,2,,library/bisect.html,1,,,
https://docs.python.org/3/library/curses.html,1,2,50.00%,2.5,,library/curses.html,1,,,
https://docs.python.org/pt-br/3.7/library/urllib.error.html,1,2,50.00%,2.5,,library/urllib.error.html,1,,,
https://docs.python.org/pt-br/3.10/c-api/long.html,1,2,50.00%,3,,#VALUE!,1,,,
https://docs.python.org/pt-br/3.7/library/getpass.html,1,2,50.00%,3,,library/getpass.html,1,,,
https://docs.python.org/3.2/install/index.html,1,2,50.00%,4,,#VALUE!,1,,,
https://docs.python.org/pt-br/3.8/c-api/iterator.html,1,2,50.00%,4,,#VALUE!,1,,,
https://docs.python.org/pt-br/3/reference/introduction.html,1,2,50.00%,4,,#VALUE!,1,,,
https://docs.python.org/3.3/howto/regex.html,1,2,50.00%,6,,#VALUE!,1,,,
https://docs.python.org/fr/3.7/faq/windows.html,1,2,50%,6.5,,#VALUE!,1,,,
https://docs.python.org/pt-br/3/glossary.html,1,2,50.00%,6.5,,#VALUE!,1,,,
https://docs.python.org/3.3/search.html?q=maketrans,1,2,50.00%,7,,#VALUE!,1,,,
https://docs.python.org/3.4/library/multiprocessing.html?highlight=multiprocessing.manager,1,2,50.00%,7,,library/multiprocessing.html?highlight=multiprocessing.manager,1,,,
https://docs.python.org/pt-br/3.7/library/plistlib.html,1,2,50%,7,,library/plistlib.html,1,,,
https://docs.python.org/pt-br/3.7/library/stdtypes.html,1,2,50.00%,7,,library/stdtypes.html,1,,,
https://docs.python.org/3.4/library/json.html,1,2,50.00%,8,,library/json.html,1,,,
https://docs.python.org/3/c-api/slice.html,1,2,50.00%,8,,#VALUE!,1,,,
https://docs.python.org/pt-br/3.8/faq/gui.html,1,2,50.00%,8,,#VALUE!,1,,,
https://docs.python.org/pt-br/3/library/xmlrpc.html,1,2,50.00%,10,,library/xmlrpc.html,1,,,
https://docs.python.org/3.8/library/asyncio-exceptions.html,1,1,100.00%,1,,library/asyncio-exceptions.html,1,,,
https://docs.python.org/3/c-api/capsule.html,1,1,100%,1,,#VALUE!,1,,,
https://docs.python.org/3/c-api/float.html,1,1,100%,1,,#VALUE!,1,,,
https://docs.python.org/3/distutils/builtdist.html,1,1,100%,1,,#VALUE!,1,,,
https://docs.python.org/3/distutils/examples.html,1,1,100.00%,1,,#VALUE!,1,,,
https://docs.python.org/3/extending/building.html,1,1,100.00%,1,,#VALUE!,1,,,
https://docs.python.org/3/faq/,1,1,100%,1,,#VALUE!,1,,,
https://docs.python.org/3/library/cgitb.html,1,1,100%,1,,library/cgitb.html,1,,,
https://docs.python.org/3/library/functional.html,1,1,100%,1,,library/functional.html,1,,,
https://docs.python.org/3/library/numbers.html,1,1,100%,1,,library/numbers.html,1,,,
https://docs.python.org/3/library/plistlib.html,1,1,100.00%,1,,library/plistlib.html,1,,,
https://docs.python.org/3/library/resource.html,1,1,100.00%,1,,library/resource.html,1,,,
https://docs.python.org/3/library/runpy.html,1,1,100.00%,1,,library/runpy.html,1,,,
https://docs.python.org/3/library/xmlrpc.server.html,1,1,100.00%,1,,library/xmlrpc.server.html,1,,,
https://docs.python.org/3/whatsnew/2.7.html,1,1,100.00%,1,,#VALUE!,1,,,
https://docs.python.org/es/3/howto/sorting.html,1,1,100.00%,1,,#VALUE!,1,,,
https://docs.python.org/es/3/library/index.html,1,1,100.00%,1,,library/index.html,1,,,
https://docs.python.org/es/3/library/math.html,1,1,100%,1,,library/math.html,1,,,
https://docs.python.org/pt-br/3/faq/installed.html,1,1,100%,1,,#VALUE!,1,,,
https://docs.python.org/pt-br/3/library/asyncio-exceptions.html,1,1,100%,1,,library/asyncio-exceptions.html,1,,,
https://docs.python.org/pt-br/3/library/posix.html,1,1,100%,1,,library/posix.html,1,,,
https://docs.python.org/zh-cn/3/library/collections.html?highlight=deque,1,1,100%,1,,library/collections.html?highlight=deque,1,,,
https://docs.python.org/zh-cn/3/reference/index.html,1,1,100%,1,,#VALUE!,1,,,